study_id,n_samples,reason,fill,census_platforms
CPTAC-3,1998,mixed_census,,EPIC|EPICv2
GSE104210,675,mixed_census,,EPIC|HM450
GSE111165,147,mixed_census,,EPIC|HM450
GSE112618,0,single_census_unapplied,EPIC,EPIC
GSE115278,474,mixed_census,,EPIC|HM450
GSE117130,212,mixed_census,,EPIC|HM450
GSE121056,12,mixed_census,,EPIC|HM450
GSE122038,217,mixed_census,,EPIC|HM450
GSE122126,101,mixed_census,,EPIC|HM450
GSE122994,380,mixed_census,,EPIC|HM450
GSE123601,142,mixed_census,,EPIC|HM450
GSE124617,94,mixed_census,,EPIC|HM450
GSE128684,19,mixed_census,,EPIC|HM450
GSE128685,11,mixed_census,,EPIC|HM450
GSE128733,12,mixed_census,,EPIC|HM450
GSE131482,153,mixed_census,,EPIC|HM450
GSE132804,334,mixed_census,,EPIC|HM450
GSE136189,40,mixed_census,,EPIC|HM450
GSE136361,26,mixed_census,,EPIC|HM450
GSE136790,108,mixed_census,,EPIC|HM450
GSE138221,6,mixed_census,,EPIC|HM450
GSE140124,10,mixed_census,,EPIC|HM450
GSE140686,1504,mixed_census,,EPIC|HM450
GSE141254,96,mixed_census,,EPIC|HM450
GSE141363,13,mixed_census,,EPIC|HM450
GSE141521,18,mixed_census,,EPIC|HM450
GSE142512,395,mixed_census,,EPIC|HM450
GSE143842,18,mixed_census,,EPIC|HM450
GSE147430,132,mixed_census,,EPIC|HM450
GSE149759,18,mixed_census,,EPIC|HM450
GSE152035,55,mixed_census,,EPIC|HM450
GSE157131,1218,mixed_census,,EPIC|HM450
GSE157397,51,mixed_census,,EPIC|HM450
GSE222478,40,mixed_census,,EPIC|HM450
GSE224218,170,mixed_census,,EPIC|HM450
GSE237561,126,mixed_census,,EPIC|HM450
GSE267015,68,mixed_census,,EPIC|HM450
GSE270084,41,mixed_census,,EPIC|HM450
GSE276972,44,mixed_census,,EPIC|HM450
GSE280206,648,mixed_census,,EPIC|HM450
GSE51057,0,no_single_platform_source,,
GSE75073,7,no_single_platform_source,,
